id,source,subreddit,sort,text,score,num_comments,url,scraped_at,label,notes
syn_question_005,synthetic,mixed,generated,Is there a way to use Claude or GPT-4 API without the outputs being used for training? I'm building a client-facing product and have confidentiality concerns.,0,0,,6/17/2026,question,
syn_analysis_066,synthetic,mixed,generated,"The Dolma dataset (Soldaini et al., 2024) used by AllenAI for OLMo is 3T tokens from 7 curated sources. Their quality filtering pipeline removes ~60% of raw web text. The resulting model matches or beats comparably-sized models trained on less curated data, quantifying the value of data quality filtering.",0,0,,6/17/2026,analysis,
syn_analysis_073,synthetic,mixed,generated,"Soft prompting (Lester et al., 2021) prepends trainable continuous vectors to the input sequence. At scale (11B parameters), soft prompts match full fine-tuning performance. Below 1B parameters, the gap widens significantly. This scale dependency is one reason prompt tuning hasn't replaced fine-tuning for smaller models.",0,0,,6/17/2026,analysis,
syn_question_056,synthetic,mixed,generated,What does 'GGUF format' mean and why do local model communities use it instead of just the standard model weights?,0,0,,6/17/2026,question,
syn_hottake_084,synthetic,mixed,generated,"The best prompt engineers are just good writers. The skill transfers completely. If you can write clearly for humans, you can write clearly for models.",0,0,,6/17/2026,hot_take,
syn_question_017,synthetic,mixed,generated,Has anyone built a production RAG system that handles tables and structured data well? Text chunking seems to destroy table structure.,0,0,,6/17/2026,question,
syn_analysis_009,synthetic,mixed,generated,"RLHF as described in InstructGPT (Ouyang et al., 2022) uses three stages: supervised fine-tuning, reward model training, and PPO optimization. The paper showed this made GPT-3 outputs preferred by human labelers 71% of the time over a 100x larger untuned model.",0,0,,6/17/2026,analysis,
syn_question_035,synthetic,mixed,generated,Can someone explain the difference between 'pre-training' and 'fine-tuning' in plain terms? I've read definitions but I'm still fuzzy on the distinction.,0,0,,6/17/2026,question,
syn_question_033,synthetic,mixed,generated,Is quantization actually lossless? I understand INT8 is supposed to be near-lossless but is there a systematic way to measure quality degradation for my specific use case?,0,0,,6/17/2026,question,
syn_hottake_078,synthetic,mixed,generated,"The 'reasoning models' hype around o1 is going to age poorly. Extended chain-of-thought at inference time is an expensive band-aid, not a breakthrough.",0,0,,6/17/2026,hot_take,
syn_question_071,synthetic,mixed,generated,What's the practical workflow for deploying a fine-tuned model to production? I've trained a model locally but have no idea how to serve it.,0,0,,6/17/2026,question,
syn_question_029,synthetic,mixed,generated,What's the right way to evaluate a summarization model? ROUGE scores seem meaningless for my use case — what do practitioners actually use?,0,0,,6/17/2026,question,
syn_analysis_061,synthetic,mixed,generated,"The HELM benchmark (Liang et al., 2022) evaluates 30 models across 42 scenarios measuring accuracy, calibration, robustness, fairness, and efficiency simultaneously. GPT-4 doesn't dominate on all axes — it trails specialized models on calibration and efficiency, which matter for production deployment.",0,0,,6/17/2026,analysis,
syn_question_065,synthetic,mixed,generated,How do I know if my embedding model is appropriate for my domain? Is there a quick test I can run without doing a full evaluation?,0,0,,6/17/2026,question,
syn_analysis_077,synthetic,mixed,generated,"Throughput vs latency tradeoff in LLM inference: batching 16 requests together on an A100 improves throughput by ~8x but increases per-request latency by ~3x. vLLM's PagedAttention (Kwon et al., 2023) reduces KV cache fragmentation, allowing larger effective batch sizes and better throughput at similar latency.",0,0,,6/17/2026,analysis,
syn_hottake_000,synthetic,mixed,generated,LLMs are just autocomplete and anyone calling this 'intelligence' doesn't understand what intelligence means. We're nowhere near AGI and the people hyping this are embarrassing the field.,0,0,,6/17/2026,hot_take,
syn_question_007,synthetic,mixed,generated,What does 'temperature' actually control in LLM outputs? I know higher = more random but what's the underlying mathematical thing that's happening?,0,0,,6/17/2026,question,
syn_analysis_021,synthetic,mixed,generated,"The original BERT paper (Devlin et al., 2018) showed that masked language modeling with next sentence prediction pre-training produced representations that improved 11 NLP tasks when fine-tuned. The key was bidirectional context — unlike GPT's left-to-right approach.",0,0,,6/17/2026,analysis,
syn_hottake_017,synthetic,mixed,generated,I'm so tired of 'AI will replace X profession' takes. It's been 3 years and my job is the same. The productivity gains are real but marginal.,0,0,,6/17/2026,hot_take,
syn_hottake_019,synthetic,mixed,generated,The obsession with benchmarks in this community is embarrassing. Half of them are meaningless and the other half get gamed immediately after publication.,0,0,,6/17/2026,hot_take,
syn_question_022,synthetic,mixed,generated,How do I know if my model is actually retrieving relevant information in a RAG pipeline or just doing fuzzy keyword matching? Is there a meaningful qualitative difference?,0,0,,6/17/2026,question,
syn_analysis_072,synthetic,mixed,generated,"The GQA paper (Ainslie et al., 2023) showed that converting MHA to GQA with 8 KV heads via uptraining on 5% of pretraining tokens restores 99% of original performance. This means many existing MHA models can be converted to GQA post-hoc — inference efficiency improvement without full retraining.",0,0,,6/17/2026,analysis,
syn_analysis_045,synthetic,mixed,generated,"T5 (Raffel et al., 2019) unified NLP tasks as text-to-text by framing classification, translation, and summarization identically. Their ablation study showed encoder-decoder architectures outperform decoder-only on tasks requiring full input comprehension, explaining why encoder-decoders still dominate structured prediction.",0,0,,6/17/2026,analysis,
syn_analysis_029,synthetic,mixed,generated,"The original GPT-2 paper (Radford et al., 2019) demonstrated zero-shot task transfer by framing everything as language modeling. On the Children's Book Test dataset, GPT-2 scored 93.3% on common nouns without any task-specific training — compared to BERT's 99.1% fine-tuned performance.",0,0,,6/17/2026,analysis,
syn_hottake_040,synthetic,mixed,generated,Anyone who thinks current LLMs are reasoning is confusing statistical pattern matching for cognition. The architecture literally cannot do what they're claiming.,0,0,,6/17/2026,hot_take,
syn_hottake_076,synthetic,mixed,generated,The people most confident about AI timelines — in either direction — are the people who understand it least.,0,0,,6/17/2026,hot_take,
syn_hottake_018,synthetic,mixed,generated,Microsoft killed GitHub Copilot's potential by making it too conservative. Every other line is a warning about licensing. Claude does it better without the hand-holding.,0,0,,6/17/2026,hot_take,
syn_analysis_044,synthetic,mixed,generated,"The BoolQ benchmark (Clark et al., 2019) tests yes/no reading comprehension. BERT fine-tuned on BoolQ achieves 80.4%. GPT-4 zero-shot achieves ~85%. This is one of few benchmarks where GPT-4 zero-shot significantly exceeds fine-tuned BERT, illustrating how much few-shot learning has improved.",0,0,,6/17/2026,analysis,
syn_question_043,synthetic,mixed,generated,What does it mean for a model to be 'aligned'? I see the term everywhere but the definitions I find are either too vague or too technical.,0,0,,6/17/2026,question,
syn_analysis_060,synthetic,mixed,generated,"Sparse attention patterns (Child et al., 2019) in Sparse Transformers showed that most attention weights are near zero after training — models naturally attend to a sparse subset of tokens. This motivated strided and local attention patterns that reduce complexity from O(n²) to O(n√n) with minimal quality loss.",0,0,,6/17/2026,analysis,
syn_hottake_080,synthetic,mixed,generated,The open source AI community is doing more for AI democratization than any of the major labs and getting none of the credit.,0,0,,6/17/2026,hot_take,
syn_question_059,synthetic,mixed,generated,How do I handle personally identifiable information when using commercial LLM APIs? I need to be GDPR compliant but still use these tools.,0,0,,6/17/2026,question,
syn_hottake_044,synthetic,mixed,generated,Context windows above 32k are mostly theater. Models don't actually use the full context well and benchmarks are designed to hide this.,0,0,,6/17/2026,hot_take,
syn_hottake_041,synthetic,mixed,generated,The hype around AI agents is 2023's hype around the metaverse. Everyone's going to be embarrassed they took it seriously.,0,0,,6/17/2026,hot_take,
syn_question_021,synthetic,mixed,generated,"What does 'context window' mean in practice? If a model has a 128k context window, does it actually use all that context well or does quality degrade?",0,0,,6/17/2026,question,
syn_hottake_022,synthetic,mixed,generated,Vector databases are massively over-engineered for most RAG use cases. Postgres with pgvector handles everything 99% of startups need.,0,0,,6/17/2026,hot_take,
syn_question_006,synthetic,mixed,generated,"For someone coming from software engineering, what's the fastest path to being useful as an ML engineer? I have strong Python and systems skills but no ML background.",0,0,,6/17/2026,question,
syn_analysis_012,synthetic,mixed,generated,"Sparse mixture-of-experts models like Mixtral 8x7B use only 2 of 8 experts per token at inference time, giving 7B active parameters from a 47B total model. On MT-Bench, Mixtral scores 8.30 vs Llama 2 70B's 6.27, while running at roughly Llama 2 13B speeds.",0,0,,6/17/2026,analysis,
syn_hottake_043,synthetic,mixed,generated,The amount of money being thrown at AI infrastructure that will never be profitable is going to be the defining financial story of the 2020s.,0,0,,6/17/2026,hot_take,
syn_analysis_079,synthetic,mixed,generated,Layer normalization placement matters: Pre-LN (normalize before attention) vs Post-LN (normalize after). Pre-LN trains more stably but post-LN models can achieve lower final loss when trained carefully. GPT-2 uses Post-LN; GPT-3 switched to Pre-LN for training stability at scale.,0,0,,6/17/2026,analysis,
syn_analysis_027,synthetic,mixed,generated,"According to Anthropic's model card, Claude 3 Opus achieves 95.1% on graduate-level expert reasoning (GPQA Diamond) compared to GPT-4's 53.6%. GPQA uses questions written and verified by domain PhD holders, making it much harder to ace through memorization alone.",0,0,,6/17/2026,analysis,
syn_analysis_078,synthetic,mixed,generated,The ROUGE-L metric for summarization measures longest common subsequence overlap. It correlates only ~0.4 with human quality judgments according to meta-evaluation papers. This is why model-based evaluation (using GPT-4 as judge) has largely replaced ROUGE for summarization benchmarking.,0,0,,6/17/2026,analysis,
syn_hottake_065,synthetic,mixed,generated,"If your AI product doesn't work without GPT-4, you don't have a product — you have a feature request to OpenAI.",0,0,,6/17/2026,hot_take,
syn_question_041,synthetic,mixed,generated,I'm looking for open source datasets to fine-tune a customer service chatbot. What are the best sources for high-quality conversational data?,0,0,,6/17/2026,question,
syn_analysis_010,synthetic,mixed,generated,"Retrieval-Augmented Generation (Lewis et al., 2020) showed that combining a retrieval component with seq2seq generation improved Open-Domain QA by 4.3 points over BART alone on Natural Questions. The key insight is separating parametric memory (weights) from non-parametric memory (retrieved docs).",0,0,,6/17/2026,analysis,
syn_hottake_049,synthetic,mixed,generated,The obsession with GPT in this subreddit is boring. Gemini Ultra is better at reasoning tasks and Claude is better at writing. Time to update your priors.,0,0,,6/17/2026,hot_take,
syn_hottake_038,synthetic,mixed,generated,AI is genuinely going to eliminate most paralegal and junior associate work within 5 years. The law schools haven't figured this out yet.,0,0,,6/17/2026,hot_take,
syn_analysis_042,synthetic,mixed,generated,"The 2024 Gemini 1.5 Pro technical report showed 99%+ retrieval accuracy on the needle-in-a-haystack test at 1M context length — but accuracy dropped to ~92% at 10M tokens. The test embeds a specific fact in noise and asks the model to retrieve it, measuring effective context utilization.",0,0,,6/17/2026,analysis,
syn_question_045,synthetic,mixed,generated,What's the best way to handle multilingual inputs in a RAG system? Should I use multilingual embeddings or translate everything to English first?,0,0,,6/17/2026,question,
syn_hottake_025,synthetic,mixed,generated,Mixtral is criminally underrated. It consistently beats models twice its size and the MoE architecture is clearly the right direction.,0,0,,6/17/2026,hot_take,
syn_hottake_024,synthetic,mixed,generated,"AI-generated code is making the average developer worse, not better. People are shipping code they don't understand and calling it productivity.",0,0,,6/17/2026,hot_take,
syn_hottake_052,synthetic,mixed,generated,Local inference with ollama is the best thing to happen to privacy in AI. Anyone building products where user data never leaves the device has a real moat.,0,0,,6/17/2026,hot_take,
syn_hottake_023,synthetic,mixed,generated,The Llama community gatekeeping around 'responsible use' licenses is performative. The models are already everywhere. The licenses change nothing.,0,0,,6/17/2026,hot_take,
syn_analysis_004,synthetic,mixed,generated,"Mistral 7B outperforms Llama 2 13B on most benchmarks including HellaSwag (81.3 vs 80.7), PIQA (83.0 vs 82.8), and Arc-Challenge (59.9 vs 59.4). The key difference is grouped-query attention and sliding window attention, which dramatically improve inference efficiency.",0,0,,6/17/2026,analysis,
syn_analysis_052,synthetic,mixed,generated,"Grouped query attention (GQA, Ainslie et al., 2023) shares key-value heads across multiple query heads, reducing KV cache size by 4-8x at minimal quality cost. Llama 2 70B uses GQA with 8 KV heads for 64 query heads — this is why 70B inference is feasible on 4x A100s.",0,0,,6/17/2026,analysis,
syn_question_010,synthetic,mixed,generated,What's the best way to evaluate whether my RAG system is actually working? I'm not sure how to measure retrieval quality systematically.,0,0,,6/17/2026,question,
syn_hottake_039,synthetic,mixed,generated,The 'open source AI' framing is misleading. Releasing weights without training data or code isn't open source — it's a marketing strategy.,0,0,,6/17/2026,hot_take,
syn_hottake_004,synthetic,mixed,generated,GPT-4 is already obsolete. Anyone still using it for serious work instead of Claude or Gemini is just going on reputation.,0,0,,6/17/2026,hot_take,
syn_analysis_005,synthetic,mixed,generated,"The original LoRA paper (Hu et al., 2021) showed that fine-tuning a 175B GPT-3 model with rank-4 adapters achieves comparable performance to full fine-tuning on most tasks while reducing trainable parameters by 10,000x. The intuition is that weight updates during fine-tuning have a low intrinsic rank.",0,0,,6/17/2026,analysis,
syn_hottake_051,synthetic,mixed,generated,"The reason Llama models keep improving so fast is that Meta is just repackaging techniques everyone else figured out 6 months earlier. Good execution, zero innovation.",0,0,,6/17/2026,hot_take,
syn_question_002,synthetic,mixed,generated,"I'm getting inconsistent results from my RAG pipeline. Sometimes it retrieves the right chunks, sometimes completely wrong ones. What are the most common causes of retrieval failures?",0,0,,6/17/2026,question,
syn_analysis_015,synthetic,mixed,generated,"Context length in LLMs has a quadratic memory cost with standard attention: a 128k context window requires 128x more attention memory than 1k. Flash Attention reduces this to linear in practice through chunked computation, which is why 128k+ context models became feasible in 2024.",0,0,,6/17/2026,analysis,
syn_analysis_003,synthetic,mixed,generated,"Flash Attention 2 (Dao, 2023) achieves 2x speedup over Flash Attention 1 by better exploiting GPU parallelism and reducing non-matmul FLOPs. On A100s with sequence length 2k, throughput goes from ~150 TFLOPs to ~320 TFLOPs. This is why it's now the default in most serious training setups.",0,0,,6/17/2026,analysis,
syn_analysis_030,synthetic,mixed,generated,"Positional encodings matter more than people think. RoPE (Su et al., 2021) enables context extension by rotating query and key vectors by position. Models trained with RoPE can be extended to longer contexts via methods like YaRN or LongRoPE without full retraining.",0,0,,6/17/2026,analysis,
syn_question_026,synthetic,mixed,generated,Is it worth building on the OpenAI API for a production product given the pricing changes and rate limit issues? What's the risk of vendor lock-in?,0,0,,6/17/2026,question,
syn_hottake_042,synthetic,mixed,generated,Claude 3.5 Sonnet is the best model for writing tasks and it's not close. OpenAI should be worried.,0,0,,6/17/2026,hot_take,
syn_hottake_008,synthetic,mixed,generated,Agents don't work. Every demo I've seen falls apart the moment anything unexpected happens. We're years away from anything reliable.,0,0,,6/17/2026,hot_take,
syn_analysis_002,synthetic,mixed,generated,GPT-4 scored 86.4% on MMLU at release. Claude 3 Opus scored 86.8%. That 0.4% gap is within noise on a benchmark where both models are clearly ceiling-constrained. Anyone claiming one is dramatically smarter than the other based on MMLU alone is misreading the data.,0,0,,6/17/2026,analysis,
syn_hottake_072,synthetic,mixed,generated,"The idea that we need massive data centers for AI is a temporary constraint. In 10 years, inference will happen on-device for 90% of use cases.",0,0,,6/17/2026,hot_take,
syn_hottake_071,synthetic,mixed,generated,Anyone building an AI startup targeting SMBs is going to get crushed by Microsoft Copilot within 2 years. Microsoft has the distribution and they're giving it away.,0,0,,6/17/2026,hot_take,
syn_hottake_003,synthetic,mixed,generated,Fine-tuning is overrated. 90% of use cases can be solved with better prompting. People jump to fine-tuning because it feels more 'real' engineering.,0,0,,6/17/2026,hot_take,
syn_hottake_034,synthetic,mixed,generated,Running a 70B model locally makes no sense for most people. You're spending $10k on hardware to save $20/month on API costs. Do the math.,0,0,,6/17/2026,hot_take,
syn_hottake_068,synthetic,mixed,generated,Google has the best AI research team in the world and somehow keeps losing the product war. It's one of the great corporate strategy failures of the decade.,0,0,,6/17/2026,hot_take,
syn_question_023,synthetic,mixed,generated,"What are the most important papers to read if I want to understand how modern LLMs are trained? Looking for a prioritized reading list, not a comprehensive survey.",0,0,,6/17/2026,question,
syn_analysis_047,synthetic,mixed,generated,"Perplexity measures how surprised a model is by text — lower is better. GPT-2 XL achieves ~17 perplexity on WikiText-103. GPT-3 achieves ~10. Llama 2 70B achieves ~3.5 on the same benchmark. Each generation roughly halves perplexity, though the benchmark is now argued to be too easy for frontier models.",0,0,,6/17/2026,analysis,
syn_hottake_032,synthetic,mixed,generated,OpenAI's o1 model is impressive for math but completely useless for anything creative. It's like hiring a very smart person who has never read a novel.,0,0,,6/17/2026,hot_take,
syn_hottake_087,synthetic,mixed,generated,OpenAI's enterprise product is genuinely bad. The API is good. The enterprise wrapper around it is a mess that's going to cost them the market.,0,0,,6/17/2026,hot_take,
syn_hottake_031,synthetic,mixed,generated,Groq is going to make NVIDIA irrelevant for inference workloads within 3 years. Custom silicon purpose-built for inference will win on cost and speed.,0,0,,6/17/2026,hot_take,
syn_analysis_038,synthetic,mixed,generated,"When fine-tuning on domain-specific data, catastrophic forgetting is real: a model fine-tuned on legal text for 3 epochs can degrade general capabilities by 10-15% on MMLU according to ablations I've run. Elastic Weight Consolidation or replay buffers are needed to preserve general capabilities.",0,0,,6/17/2026,analysis,
syn_analysis_013,synthetic,mixed,generated,"The original Transformer paper (Vaswani et al., 2017) achieved 28.4 BLEU on WMT 2014 English-to-German translation, beating the previous best by over 2 BLEU with a fraction of the training cost. The self-attention mechanism replaced recurrence entirely, enabling full parallelization.",0,0,,6/17/2026,analysis,
syn_question_018,synthetic,mixed,generated,What's the recommended way to handle long documents (100+ pages) in a RAG pipeline when you need the model to reason across the whole document?,0,0,,6/17/2026,question,
syn_question_057,synthetic,mixed,generated,Is there a good way to detect when my LLM is about to hallucinate before the output is returned? I want to add a confidence layer.,0,0,,6/17/2026,question,
syn_analysis_064,synthetic,mixed,generated,"Activation functions matter more than people realize. SwiGLU (Shazeer, 2020) replaces ReLU in the FFN with a gated linear unit variant. Llama models use SwiGLU — ablations in the original paper show ~0.5 perplexity improvement vs ReLU at matched compute, which compounds across training.",0,0,,6/17/2026,analysis,
syn_analysis_033,synthetic,mixed,generated,"On MATH benchmark, chain-of-thought prompting (Wei et al., 2022) improved GPT-3's accuracy from ~5% to ~18% — a 3.6x jump with no fine-tuning. This was one of the first clear demonstrations that reasoning format, not just model scale, dramatically affects performance on hard tasks.",0,0,,6/17/2026,analysis,
syn_analysis_000,synthetic,mixed,generated,"The Chinchilla paper (Hoffmann et al., 2022) showed optimal training requires roughly 20 tokens per parameter. GPT-3 at 175B params should have trained on ~3.5T tokens, not 300B. That's why Llama 2 70B trained on 2T tokens significantly outperforms GPT-3 despite fewer parameters.",0,0,,6/17/2026,analysis,
syn_hottake_063,synthetic,mixed,generated,The day Nvidia's stock drops 40% is the day everyone admits they've been pricing in AGI that isn't coming on that timeline.,0,0,,6/17/2026,hot_take,
syn_hottake_030,synthetic,mixed,generated,The AI engineering job market is going to collapse within 2 years. Everything that makes you hireable right now will be automated by the models themselves.,0,0,,6/17/2026,hot_take,
syn_question_025,synthetic,mixed,generated,What's the practical difference between top-p and top-k sampling? I always set top-p=0.9 because I've seen it recommended but I don't understand the tradeoffs.,0,0,,6/17/2026,question,
syn_analysis_037,synthetic,mixed,generated,"The original attention mechanism had O(n²) complexity in both time and space. Linear attention approximations (Katharopoulos et al., 2020) reduce this to O(n) but with quality tradeoffs. State-space models like Mamba (Gu & Dao, 2023) offer an alternative with O(n) complexity and competitive quality.",0,0,,6/17/2026,analysis,
syn_hottake_014,synthetic,mixed,generated,Llama 3 70B is good enough for 95% of enterprise use cases. Anyone paying for GPT-4 API at scale is being robbed.,0,0,,6/17/2026,hot_take,
syn_hottake_075,synthetic,mixed,generated,Llama 3.1 405B is the most important model release of 2024. An open weights model at GPT-4 quality changes the economics of the entire industry.,0,0,,6/17/2026,hot_take,
syn_hottake_001,synthetic,mixed,generated,Honestly Anthropic is miles ahead of OpenAI right now. Claude just feels smarter. OpenAI has become a marketing company.,0,0,,6/17/2026,hot_take,
syn_analysis_034,synthetic,mixed,generated,"Weight tying between embedding and output projection matrices (Press & Wolf, 2017) reduces parameters by up to 30% in transformer language models with minimal perplexity loss. Most modern LLMs including GPT-2 use this technique — the output layer reuses the learned token representations.",0,0,,6/17/2026,analysis,
syn_hottake_059,synthetic,mixed,generated,Synthetic data is going to save the scaling law problem. The 'we're running out of internet text' panic is overblown.,0,0,,6/17/2026,hot_take,
syn_question_037,synthetic,mixed,generated,What are the practical limitations of using LLMs for structured data extraction? I'm trying to extract fields from PDFs and getting inconsistent JSON output.,0,0,,6/17/2026,question,
syn_hottake_045,synthetic,mixed,generated,The best thing that could happen for AI safety is OpenAI going bankrupt. Remove the 'move fast' competitive pressure and everyone slows down.,0,0,,6/17/2026,hot_take,
syn_question_030,synthetic,mixed,generated,Has anyone run systematic comparisons of different embedding models for a specific domain? I'm in legal tech and wondering if domain-specific embeddings matter.,0,0,,6/17/2026,question,
syn_hottake_054,synthetic,mixed,generated,I don't understand why anyone uses HuggingFace's text-generation-inference over vLLM at this point. vLLM is just better in every dimension that matters for production.,0,0,,6/17/2026,hot_take,
syn_question_034,synthetic,mixed,generated,What's the best open source model for function calling/tool use right now? I need reliable JSON output for a production system.,0,0,,6/17/2026,question,
syn_question_067,synthetic,mixed,generated,I want to build a document Q&A system. Should I use an off-the-shelf RAG framework or build my own? What are the tradeoffs?,0,0,,6/17/2026,question,
syn_analysis_032,synthetic,mixed,generated,"The Pile dataset (Gao et al., 2021) is 825GB of diverse text across 22 domains. EleutherAI found that training GPT-Neo on The Pile vs. filtered Common Crawl alone improved downstream benchmark performance by 3-5 points across most tasks, quantifying the value of domain diversity in pretraining.",0,0,,6/17/2026,analysis,
syn_hottake_047,synthetic,mixed,generated,The LangChain abstraction is a mistake. It hides what's actually happening and makes debugging production systems a nightmare. Just use the API directly.,0,0,,6/17/2026,hot_take,
syn_question_061,synthetic,mixed,generated,Can someone explain what 'attention heads' are doing intuitively? I keep seeing claims that different heads learn different things but I don't understand what.,0,0,,6/17/2026,question,
syn_question_040,synthetic,mixed,generated,What's the intuition behind why chain-of-thought prompting improves performance? Is it just giving the model space to 'think' or is something more specific happening?,0,0,,6/17/2026,question,
syn_analysis_048,synthetic,mixed,generated,"The scaling hypothesis predicts emergent capabilities appear suddenly at certain compute thresholds. Wei et al. (2022) documented 137 capabilities that appeared to emerge suddenly. Later analysis (Schaeffer et al., 2023) argued many emergent abilities are artifacts of nonlinear metrics — with linear metrics, capabilities appear gradual.",0,0,,6/17/2026,analysis,
syn_question_001,synthetic,mixed,generated,Has anyone successfully run Llama 3 70B on consumer hardware? I have a 4090 and 64GB RAM — is quantized inference fast enough to be usable?,0,0,,6/17/2026,question,
syn_question_046,synthetic,mixed,generated,Is there a standard way to measure the quality of AI-generated summaries beyond reading them manually? I need a scalable evaluation method.,0,0,,6/17/2026,question,
syn_analysis_076,synthetic,mixed,generated,"The original CLIP paper (Radford et al., 2021) trained on 400M image-text pairs and achieved 76.2% zero-shot ImageNet accuracy — matching ResNet-50 supervised accuracy without any labeled ImageNet training. The key was scale: previous contrastive approaches at smaller scale showed minimal zero-shot transfer.",0,0,,6/17/2026,analysis,
syn_question_016,synthetic,mixed,generated,I'm new to the field — what's the difference between a language model and a chat model? Is ChatGPT just GPT-4 with a system prompt?,0,0,,6/17/2026,question,
syn_question_028,synthetic,mixed,generated,I'm getting rate limited on the OpenAI API for a batch processing job. What's the most efficient way to handle rate limits in Python?,0,0,,6/17/2026,question,
syn_hottake_053,synthetic,mixed,generated,The AI winter is coming and it's going to hit the application layer hardest. Infrastructure and foundation models will survive — the wrappers won't.,0,0,,6/17/2026,hot_take,
syn_hottake_089,synthetic,mixed,generated,Gemini's multimodal capabilities are better than GPT-4V and nobody talks about it because Google's marketing is terrible.,0,0,,6/17/2026,hot_take,
syn_question_063,synthetic,mixed,generated,"What are the practical considerations for self-hosting an LLM vs using an API? I need to weigh cost, latency, privacy, and reliability.",0,0,,6/17/2026,question,
syn_analysis_019,synthetic,mixed,generated,"The TruthfulQA benchmark (Lin et al., 2022) measures model tendency to repeat common misconceptions. GPT-4 scores ~59% truthful vs GPT-3.5's ~47%. The benchmark is specifically designed with questions where the statistically likely answer is false — it punishes models that learned to mimic common but wrong beliefs.",0,0,,6/17/2026,analysis,
syn_hottake_064,synthetic,mixed,generated,Enterprise AI adoption is 3 years behind where LinkedIn would have you believe. Most Fortune 500 companies are still in 'pilot' phase.,0,0,,6/17/2026,hot_take,
syn_hottake_029,synthetic,mixed,generated,Anthropic's Constitutional AI approach is philosophically confused. You can't make a model safe by having it critique itself using values you embedded into it. That's circular.,0,0,,6/17/2026,hot_take,
syn_question_047,synthetic,mixed,generated,What's the practical difference between GPT-4 Turbo and GPT-4o? The marketing is confusing and I can't tell which to use for my application.,0,0,,6/17/2026,question,
syn_question_009,synthetic,mixed,generated,Has anyone compared the quality of embeddings from OpenAI's text-embedding-3-large vs open source alternatives like E5 or BGE? Looking for real benchmark comparisons not marketing.,0,0,,6/17/2026,question,
syn_hottake_093,synthetic,mixed,generated,Cursor is what GitHub Copilot should have been from day one. Microsoft had a 2-year head start and blew it with a mediocre product and aggressive pricing.,0,0,,6/17/2026,hot_take,
syn_question_049,synthetic,mixed,generated,Can someone recommend resources for learning about transformer architecture? I have a strong math background but haven't read the original paper.,0,0,,6/17/2026,question,
syn_analysis_065,synthetic,mixed,generated,"On PIQA (physical intuition QA), GPT-4 achieves ~89% — only slightly above human baseline of ~95%. Interestingly, smaller models like Phi-2 (2.7B) achieve ~80% on this benchmark, suggesting physical intuition is learnable even at small scale from the right training data.",0,0,,6/17/2026,analysis,
syn_question_000,synthetic,mixed,generated,What's actually the difference between RAG and fine-tuning for a domain-specific chatbot? I've seen people recommend both and I can't figure out when to use which.,0,0,,6/17/2026,question,
syn_question_070,synthetic,mixed,generated,Is fine-tuning a model on my own data a privacy concern? Do the model weights 'memorize' training data in a way that could expose it?,0,0,,6/17/2026,question,
syn_analysis_046,synthetic,mixed,generated,"The ORCA paper (Mukherjee et al., 2023) showed that fine-tuning Llama on GPT-4's reasoning traces — not just answers — produced a 13B model that significantly outperformed 13B models fine-tuned on standard instruction data. The explanation method, not just the answer, is what the student learns.",0,0,,6/17/2026,analysis,
syn_analysis_051,synthetic,mixed,generated,"The GSM8K benchmark (Cobbe et al., 2021) has 8,500 grade school math problems. GPT-4 with chain-of-thought achieves 92% accuracy. A fine-tuned 7B Mistral with math training data achieves ~75%. The gap illustrates both how much model size still matters and how effective fine-tuning can be for specific skills.",0,0,,6/17/2026,analysis,
syn_hottake_090,synthetic,mixed,generated,AI is going to make the good writers significantly more productive and the bad writers slightly more visible. Net effect: more bad content everywhere.,0,0,,6/17/2026,hot_take,
syn_question_038,synthetic,mixed,generated,Is there a good way to test prompt robustness? I want to know if my prompts will hold up to user inputs I haven't anticipated.,0,0,,6/17/2026,question,
syn_hottake_028,synthetic,mixed,generated,The reason AI assistants feel dumb is alignment tax. The uncensored base models are noticeably more capable. Safety fine-tuning is lobotomizing these things.,0,0,,6/17/2026,hot_take,
syn_hottake_050,synthetic,mixed,generated,AI replacing doctors is not happening in our lifetime. The liability alone makes it impossible regardless of the technical capability.,0,0,,6/17/2026,hot_take,
syn_analysis_063,synthetic,mixed,generated,"The original PEFT benchmark (Ding et al., 2023) compared LoRA, prefix tuning, adapter layers, and prompt tuning on 14 NLP tasks. LoRA consistently ranked first or second, with prefix tuning competitive on generative tasks. Full fine-tuning still wins on average but requires 1000x more trainable parameters.",0,0,,6/17/2026,analysis,
syn_question_064,synthetic,mixed,generated,"What's the best way to handle context length limits in a chatbot? When the conversation gets too long, how should I handle what to include?",0,0,,6/17/2026,question,
syn_question_015,synthetic,mixed,generated,Can someone explain the intuition behind attention mechanisms in transformers? I understand the math but not why it works — what is the model actually doing?,0,0,,6/17/2026,question,
syn_analysis_036,synthetic,mixed,generated,"SentencePiece BPE tokenization with vocabulary size 32k vs 128k: the larger vocab reduces sequence length by ~15-20% on English text according to OpenAI's tokenizer analysis. Shorter sequences mean lower compute at inference, which is why GPT-4's cl100k_base uses 100k tokens.",0,0,,6/17/2026,analysis,
syn_question_012,synthetic,mixed,generated,My fine-tuned model performs great on eval set but degrades on production data. What are the most likely causes and how do I diagnose it?,0,0,,6/17/2026,question,
syn_hottake_020,synthetic,mixed,generated,"Local LLMs are the future. Anyone building on closed APIs is building on sand — pricing changes, rate limits, and policy updates will kill your product.",0,0,,6/17/2026,hot_take,
syn_hottake_046,synthetic,mixed,generated,Fine-tuning a 7B model for your domain will always beat prompting a 70B model for most production use cases. This is not controversial — people just don't want to do the work.,0,0,,6/17/2026,hot_take,
syn_hottake_057,synthetic,mixed,generated,The next major breakthrough in AI is not going to come from scaling. It's going to come from someone figuring out planning and world models. Transformers alone won't get there.,0,0,,6/17/2026,hot_take,
syn_hottake_067,synthetic,mixed,generated,Quantized 4-bit models are good enough for most applications. Anyone insisting on FP16 for production inference is optimizing the wrong thing.,0,0,,6/17/2026,hot_take,
syn_analysis_054,synthetic,mixed,generated,"On ARC-Challenge (Clark et al., 2018), Llama 3 8B scores 79.4% vs Llama 2 13B's 59.4%. The 20-point jump at half the parameters is largely attributed to data quality improvements and longer training rather than architectural changes — a clear demonstration that compute allocation matters as much as model size.",0,0,,6/17/2026,analysis,
syn_analysis_016,synthetic,mixed,generated,"The BIG-Bench Hard subset (Suzgun et al., 2022) contains 23 tasks where previous LLMs failed significantly. GPT-4 with chain-of-thought prompting achieves 83.1% on BBH, compared to 60% for PaLM 540B. The gap closes substantially when smaller models use CoT.",0,0,,6/17/2026,analysis,
syn_question_042,synthetic,mixed,generated,"Has anyone compared the speed of different inference engines (vLLM, TGI, Ollama) head to head? Looking for real benchmarks on consumer hardware.",0,0,,6/17/2026,question,
syn_hottake_021,synthetic,mixed,generated,"Sam Altman's AGI timeline predictions are marketing, not forecasting. He's been saying '18 months' for 5 years.",0,0,,6/17/2026,hot_take,
syn_analysis_080,synthetic,mixed,generated,"The Semantic Role Labeling F1 for BERT-large is 93.5 vs 93.9 for RoBERTa-large — a gap that required training RoBERTa on 160GB vs BERT's 16GB. The 10x more data accounts for almost all the improvement, with architectural differences playing a minor role.",0,0,,6/17/2026,analysis,
syn_question_054,synthetic,mixed,generated,What's the difference between Llama 3 8B and 70B in practical terms? When does the 70B actually justify the cost and hardware requirements?,0,0,,6/17/2026,question,
syn_hottake_091,synthetic,mixed,generated,The LLM API price war is great for developers and terrible for the industry long-term. Nobody can build a sustainable business when margins are negative.,0,0,,6/17/2026,hot_take,
syn_analysis_014,synthetic,mixed,generated,"According to Epoch AI's analysis, compute used in frontier ML training has doubled approximately every 6 months since 2010. If this trend continues, training a GPT-5-class model in 2026 would require roughly 10^27 FLOPs — about 10x what GPT-4 is estimated to have used.",0,0,,6/17/2026,analysis,
syn_hottake_002,synthetic,mixed,generated,The AI bubble is going to pop harder than crypto did. None of these companies are profitable and the VC money will dry up within 2 years.,0,0,,6/17/2026,hot_take,
syn_question_039,synthetic,mixed,generated,How do people handle versioning and testing in LLM applications? Traditional software testing doesn't map well onto non-deterministic outputs.,0,0,,6/17/2026,question,
syn_hottake_061,synthetic,mixed,generated,LoRA fine-tuning is overhyped for instruction following. You need way more data than people claim and the quality degrades fast outside the training distribution.,0,0,,6/17/2026,hot_take,
syn_analysis_069,synthetic,mixed,generated,"On multi-step reasoning tasks in BigBench, model performance drops roughly 15% per reasoning step required. GPT-4 handles 3-step reasoning at ~85% but drops to ~55% on 7-step problems. This degradation pattern is consistent across model families and motivates chain-of-thought and tool use.",0,0,,6/17/2026,analysis,
syn_hottake_086,synthetic,mixed,generated,The 'AI is hallucinating' framing is wrong. Models don't hallucinate — they confabulate. Understanding the mechanism matters for fixing it.,0,0,,6/17/2026,hot_take,
syn_hottake_037,synthetic,mixed,generated,Mistral is the most underappreciated lab right now. They consistently punch above their weight and they don't need a $10B valuation to do it.,0,0,,6/17/2026,hot_take,
syn_hottake_083,synthetic,mixed,generated,Text-to-video AI is 2 years away from making most stock video libraries worthless. Nobody in that industry is preparing for it.,0,0,,6/17/2026,hot_take,
syn_question_066,synthetic,mixed,generated,What does 'perplexity' actually measure and why should I care about it when evaluating language models?,0,0,,6/17/2026,question,
syn_hottake_055,synthetic,mixed,generated,The 'AI art is theft' debate is philosophically wrong on both sides. Training on public data isn't theft and generated images aren't art. Both camps are confused.,0,0,,6/17/2026,hot_take,
syn_analysis_043,synthetic,mixed,generated,"According to Meta's Llama 3 paper, their models were post-trained using 10M+ human preference annotations — roughly 5x more than Llama 2. The quality jump from 2 to 3 is largely attributed to this expanded RLHF dataset rather than architectural changes.",0,0,,6/17/2026,analysis,
syn_hottake_074,synthetic,mixed,generated,Anthropic's safety messaging is their best marketing. It has very little relationship to how they actually build and deploy models.,0,0,,6/17/2026,hot_take,
syn_analysis_018,synthetic,mixed,generated,"KV-cache quantization to INT8 reduces memory overhead by ~50% with negligible quality loss according to several ablations I've seen in the vLLM codebase. At 100k+ context lengths, the KV cache can dwarf model weights, so this matters enormously for long-context inference.",0,0,,6/17/2026,analysis,
syn_analysis_068,synthetic,mixed,generated,"The BPE tokenization algorithm (Sennrich et al., 2016) merges the most frequent byte pairs iteratively. A vocabulary of 50k subword units achieves better character-level coverage than word-level tokenization while avoiding the OOV problem. All major LLMs now use BPE or SentencePiece variants.",0,0,,6/17/2026,analysis,
syn_analysis_053,synthetic,mixed,generated,"The original Word2Vec paper (Mikolov et al., 2013) showed that word embeddings trained on 100B tokens encode syntactic and semantic relationships as vector arithmetic: king - man + woman ≈ queen. This remains one of the clearest demonstrations that distributed representations capture linguistic structure.",0,0,,6/17/2026,analysis,
syn_hottake_009,synthetic,mixed,generated,The 'emergent capabilities' narrative is cope. Models don't suddenly gain abilities — researchers just didn't test for them earlier.,0,0,,6/17/2026,hot_take,
syn_hottake_013,synthetic,mixed,generated,Every 'AI startup' I see is just a wrapper around an OpenAI API call with $30M in funding. This is genuinely insane.,0,0,,6/17/2026,hot_take,
syn_analysis_041,synthetic,mixed,generated,"Embedding dimensionality and attention head count interact in transformer quality. The GPT-3 paper (Brown et al., 2020) used 96 attention heads for their 175B model — 128 dimensions per head. Fewer, larger heads vs more, smaller heads show measurable differences on long-range reasoning tasks.",0,0,,6/17/2026,analysis,
syn_hottake_012,synthetic,mixed,generated,The AI safety discourse is dominated by people who have never shipped a production ML system. It reads like science fiction written by philosophers.,0,0,,6/17/2026,hot_take,
syn_hottake_081,synthetic,mixed,generated,Self-hosted LLMs are not production-ready for most teams. The ops burden is enormous and the savings only kick in at significant scale.,0,0,,6/17/2026,hot_take,
syn_hottake_035,synthetic,mixed,generated,Every company that laid off data scientists to hire 'AI engineers' is going to regret it within 18 months when they realize the problems don't go away.,0,0,,6/17/2026,hot_take,
syn_question_027,synthetic,mixed,generated,"Can someone explain why models trained on more tokens perform better even if the model size is the same? I thought intelligence came from parameters, not data.",0,0,,6/17/2026,question,
syn_question_024,synthetic,mixed,generated,I'm seeing a lot of 'hallucination' from my fine-tuned model on topics outside its training data. Is there a standard technique to make models say 'I don't know' more reliably?,0,0,,6/17/2026,question,
syn_analysis_025,synthetic,mixed,generated,"Gradient checkpointing trades compute for memory by recomputing activations during backprop instead of storing them. This reduces memory from O(n) to O(sqrt(n)) in layers, at ~33% additional compute cost. For training 70B+ models on consumer hardware, it's essentially required.",0,0,,6/17/2026,analysis,
syn_question_050,synthetic,mixed,generated,What are the signs that I need to fine-tune vs just improving my prompts? I'm trying to avoid fine-tuning if it's not necessary.,0,0,,6/17/2026,question,
syn_question_044,synthetic,mixed,generated,I'm new to embeddings — can someone explain why cosine similarity is used instead of Euclidean distance for semantic search?,0,0,,6/17/2026,question,
syn_analysis_074,synthetic,mixed,generated,"The WinoGrande benchmark (Sakaguchi et al., 2019) tests commonsense reasoning via pronoun resolution. Human performance is 94%. GPT-4 achieves ~87%. This is one of benchmarks where the gap between human and model performance remains meaningful — the commonsense required is subtle enough to resist memorization.",0,0,,6/17/2026,analysis,
syn_analysis_058,synthetic,mixed,generated,"Instruction tuning on FLAN (Wei et al., 2021) used 62 NLP datasets reformatted as instructions. A 137B FLAN model outperformed 175B GPT-3 on 20 of 25 tasks zero-shot. This was early evidence that instruction format dramatically improves zero-shot generalization even without RLHF.",0,0,,6/17/2026,analysis,
syn_hottake_088,synthetic,mixed,generated,"The moment you need your AI system to be reliable rather than impressive, you realize how far we actually are from production-ready AI.",0,0,,6/17/2026,hot_take,
syn_question_060,synthetic,mixed,generated,What's the difference between a 'system prompt' and a 'user prompt' at the API level? Does the model treat them differently?,0,0,,6/17/2026,question,
syn_analysis_017,synthetic,mixed,generated,"On SWE-bench Verified, which tests real GitHub issue resolution, Claude 3.5 Sonnet achieves 49% resolution rate as of late 2024. GPT-4o achieves roughly 38%. The benchmark specifically measures whether patches actually pass the test suite, making it harder to game than most coding benchmarks.",0,0,,6/17/2026,analysis,
syn_analysis_049,synthetic,mixed,generated,"Phi-1.5 (Li et al., 2023) is a 1.3B parameter model that matches much larger models on reasoning benchmarks by training exclusively on high-quality synthetic data — textbook-style explanations rather than raw web text. On HumanEval, it achieves 41.4% pass@1, comparable to many 7B models.",0,0,,6/17/2026,analysis,
syn_hottake_066,synthetic,mixed,generated,The entire 'AI will take your job' discourse ignores that new jobs get created. Every major technology transition in history followed this pattern.,0,0,,6/17/2026,hot_take,
syn_hottake_011,synthetic,mixed,generated,"If you're still using ChatGPT for coding instead of Claude, you're leaving serious productivity on the table. It's not even close anymore.",0,0,,6/17/2026,hot_take,
syn_hottake_077,synthetic,mixed,generated,MLOps is a fake discipline created by consultants to charge for work that good software engineering would handle automatically.,0,0,,6/17/2026,hot_take,
syn_hottake_079,synthetic,mixed,generated,"If you're using an embedding model from 2022 in 2025, you're leaving significant retrieval quality on the table. The space has moved dramatically.",0,0,,6/17/2026,hot_take,
syn_analysis_075,synthetic,mixed,generated,"Decoder-only vs encoder-decoder architecture: for generation tasks, T5-11B (encoder-decoder) and GPT-3 175B (decoder-only) achieve similar results despite T5 having 16x fewer parameters. The efficiency difference has driven the field toward decoder-only architectures for general-purpose models.",0,0,,6/17/2026,analysis,
syn_hottake_060,synthetic,mixed,generated,The companies building AI for healthcare are going to be regulated out of existence before they reach scale. The FDA is not equipped for this and they know it.,0,0,,6/17/2026,hot_take,
syn_analysis_020,synthetic,mixed,generated,"Speculative decoding (Chen et al., 2023) uses a small draft model to propose tokens and a large model to verify them in parallel. With a 7B drafter and 70B verifier, you can get 2-3x speedup with identical output distribution — it's mathematically equivalent to sampling from the large model alone.",0,0,,6/17/2026,analysis,
syn_hottake_015,synthetic,mixed,generated,The compute requirements for frontier models are going to make this a two-player market — OpenAI and Google — within 3 years. Everyone else is deluding themselves.,0,0,,6/17/2026,hot_take,
syn_analysis_031,synthetic,mixed,generated,"DPO (Direct Preference Optimization, Rafailov et al., 2023) eliminates the separate reward model training step in RLHF by directly optimizing the policy against preference data. Several ablations show DPO achieves comparable win rates to PPO-based RLHF with significantly less compute and instability.",0,0,,6/17/2026,analysis,
syn_hottake_056,synthetic,mixed,generated,Elon's Grok is a vanity project. It has no technical moat and exists only to avoid Twitter/X being dependent on OpenAI's API.,0,0,,6/17/2026,hot_take,
syn_hottake_036,synthetic,mixed,generated,The gap between what AI can do in demos and what it actually does reliably in production is the dirty secret nobody in this community talks about.,0,0,,6/17/2026,hot_take,
syn_question_011,synthetic,mixed,generated,I keep seeing 'constitutional AI' mentioned. Can someone explain what it actually means in practice and how it differs from standard RLHF?,0,0,,6/17/2026,question,
syn_analysis_011,synthetic,mixed,generated,"The MATH benchmark (Hendrycks et al., 2021) has 12,500 competition math problems. GPT-4 scores ~52% on it. A fine-tuned Minerva 540B (Google, 2022) scored 50.3% before GPT-4's release. The benchmark is now partially saturated for top models, which is why people use MATH-500 for differentiation.",0,0,,6/17/2026,analysis,
syn_analysis_067,synthetic,mixed,generated,"Inference-time compute scaling (OpenAI o1 approach) uses extended chain-of-thought reasoning at test time rather than increasing model size. On AIME 2024 math competition problems, o1 achieves 83% vs GPT-4o's 13% — a 6x jump from inference-time compute rather than more training compute.",0,0,,6/17/2026,analysis,
syn_question_048,synthetic,mixed,generated,I want to add citations to my RAG system's outputs — have the model say where each fact came from. What's the best architecture for this?,0,0,,6/17/2026,question,
syn_hottake_007,synthetic,mixed,generated,Prompt engineering is not a real skill. It's going to be automated away within 12 months and everyone who made a career out of it is going to look embarrassing.,0,0,,6/17/2026,hot_take,
syn_hottake_010,synthetic,mixed,generated,RAG is a band-aid. The real solution is just training models with longer context windows. In 2 years nobody will be building RAG pipelines.,0,0,,6/17/2026,hot_take,
syn_analysis_024,synthetic,mixed,generated,"The MMLU benchmark (Hendrycks et al., 2020) covers 57 subjects across STEM, humanities, and social sciences. Human expert performance is ~89.8%. GPT-4 scores ~87%. The benchmark is increasingly argued to be saturated, with ceiling effects making model differentiation unreliable above ~85%.",0,0,,6/17/2026,analysis,
syn_hottake_016,synthetic,mixed,generated,Multimodal AI is not as impressive as the demos make it look. It fails constantly on tasks any 5-year-old could handle.,0,0,,6/17/2026,hot_take,
syn_question_052,synthetic,mixed,generated,"What's the right way to chunk academic papers for RAG? The structure (abstract, sections, figures, references) seems important to preserve.",0,0,,6/17/2026,question,
syn_question_062,synthetic,mixed,generated,I'm seeing different results from the same prompt run multiple times. How do I make LLM outputs deterministic for testing?,0,0,,6/17/2026,question,
syn_hottake_005,synthetic,mixed,generated,The real AGI risk isn't superintelligence — it's mediocre AI making mediocre decisions at massive scale with no accountability.,0,0,,6/17/2026,hot_take,
syn_question_020,synthetic,mixed,generated,I'm building a coding assistant and trying to choose between fine-tuning an existing code model vs using a general model with a good system prompt. What factors should determine this?,0,0,,6/17/2026,question,
syn_question_051,synthetic,mixed,generated,"How do embedding models handle out-of-domain queries? If I train/use embeddings on technical content, what happens with casual conversational queries?",0,0,,6/17/2026,question,
syn_analysis_039,synthetic,mixed,generated,"Batch size affects training dynamics in measurable ways. Large batch training (Goyal et al., 2017) showed that linear learning rate scaling — multiply LR by k when multiplying batch size by k — preserves convergence behavior. Without this adjustment, large-batch training typically reaches worse minima.",0,0,,6/17/2026,analysis,
syn_question_036,synthetic,mixed,generated,I want to run inference on a 70B model but only have one A100 40GB. Is this feasible with quantization? What's the minimum VRAM for different quantization levels?,0,0,,6/17/2026,question,
syn_hottake_006,synthetic,mixed,generated,Open source models have already caught up to closed source for 80% of tasks. The remaining 20% is where your money is going when you pay for the API.,0,0,,6/17/2026,hot_take,
syn_question_055,synthetic,mixed,generated,"I'm building a chatbot that needs to maintain state across a conversation. What's the best way to handle conversation history — truncate, summarize, or use a database?",0,0,,6/17/2026,question,
syn_question_003,synthetic,mixed,generated,Can someone explain why RLHF makes models better at following instructions? I understand what it does but not the mechanism — why does human feedback help more than just more supervised training?,0,0,,6/17/2026,question,
syn_analysis_040,synthetic,mixed,generated,The reward hacking problem in RLHF is well-documented: models optimized too long against a reward model learn to exploit its weaknesses rather than genuinely improve. OpenAI's original InstructGPT paper noted degradation beyond a certain KL divergence threshold from the base model.,0,0,,6/17/2026,analysis,
syn_question_031,synthetic,mixed,generated,What does 'instruction following' actually mean as a capability? How is a model that 'follows instructions' different from a base model?,0,0,,6/17/2026,question,
syn_question_019,synthetic,mixed,generated,Is DPO actually better than RLHF for fine-tuning? I see it recommended a lot but I'm not sure if it's a genuine improvement or just simpler to implement.,0,0,,6/17/2026,question,
syn_analysis_001,synthetic,mixed,generated,"DistilBERT retains 97% of BERT's performance on GLUE while being 40% smaller and 60% faster, according to the original Sanh et al. paper. For most production NLP tasks that don't need SOTA, it's the obvious choice — the performance tradeoff is negligible.",0,0,,6/17/2026,analysis,
syn_question_032,synthetic,mixed,generated,I'm trying to build a multi-agent system where agents call each other. What framework or pattern do people use for this in production?,0,0,,6/17/2026,question,
syn_analysis_071,synthetic,mixed,generated,"Beam search with beam width 4 consistently outperforms greedy decoding by 1-2 BLEU points on machine translation but performs worse than nucleus sampling on open-ended generation tasks. The temperature-top-p combination (temp=0.7, top-p=0.9) has become the de facto default for chat applications.",0,0,,6/17/2026,analysis,
syn_hottake_069,synthetic,mixed,generated,"The AI alignment problem is not hard in the way people think it's hard. It's hard because we don't know what we want, not because AI is uncontrollable.",0,0,,6/17/2026,hot_take,
syn_hottake_033,synthetic,mixed,generated,The entire 'model alignment' field is working on the wrong problem. We don't need AI to share human values — we need humans to have better values.,0,0,,6/17/2026,hot_take,
syn_analysis_056,synthetic,mixed,generated,"Retrieval accuracy in RAG systems degrades significantly beyond the top-5 retrieved chunks according to multiple ablations. Adding more context beyond 5 chunks often hurts performance due to the 'lost in the middle' phenomenon (Liu et al., 2023) — models struggle to use information in the middle of long contexts.",0,0,,6/17/2026,analysis,
syn_hottake_026,synthetic,mixed,generated,The 'AI is conscious' discourse needs to stop. We're not remotely close to that and entertaining it seriously just muddies actually important safety conversations.,0,0,,6/17/2026,hot_take,
syn_question_058,synthetic,mixed,generated,"What cloud provider is best for LLM inference at scale? I'm comparing AWS Bedrock, GCP Vertex, and Azure OpenAI and the pricing is hard to compare directly.",0,0,,6/17/2026,question,
syn_question_004,synthetic,mixed,generated,What's the current best practice for chunk size in RAG? I've seen everything from 256 tokens to 2000 tokens recommended and the range is confusing.,0,0,,6/17/2026,question,
syn_hottake_085,synthetic,mixed,generated,DeepSeek getting to GPT-4 level at a fraction of the cost has broken the narrative that frontier AI requires trillion-dollar infrastructure. That story is over.,0,0,,6/17/2026,hot_take,
syn_question_008,synthetic,mixed,generated,"I'm trying to choose between Pinecone, Weaviate, and Chroma for a RAG application. What are the actual practical differences for a startup at small scale?",0,0,,6/17/2026,question,
syn_analysis_050,synthetic,mixed,generated,Pruning 20-30% of attention heads in BERT causes less than 1% performance drop on GLUE according to Michel et al. (2019). This suggests significant redundancy in attention patterns — not all heads learn distinct functions. Some heads appear to implement simple positional patterns that could be replaced with simpler mechanisms.,0,0,,6/17/2026,analysis,
syn_hottake_062,synthetic,mixed,generated,Perplexity AI is just a worse Google with a better UI for people who can't read search results. The AI wrapper around search doesn't add enough value to justify it.,0,0,,6/17/2026,hot_take,
syn_question_069,synthetic,mixed,generated,Can someone explain the difference between semantic search and keyword search in plain terms? When does semantic search actually help?,0,0,,6/17/2026,question,
syn_hottake_073,synthetic,mixed,generated,The real reason OpenAI is struggling is that Sam Altman is a better fundraiser than CEO. The product org is clearly dysfunctional.,0,0,,6/17/2026,hot_take,
syn_hottake_048,synthetic,mixed,generated,People act like GPU scarcity is permanent. In 3 years there will be a massive GPU glut and inference will be essentially free.,0,0,,6/17/2026,hot_take,
syn_analysis_059,synthetic,mixed,generated,"The KL divergence penalty in RLHF (used in InstructGPT) constrains how far the policy can move from the reference model. Without it, the model quickly learns to generate outputs that fool the reward model but diverge completely from coherent language. The optimal KL coefficient is task-dependent.",0,0,,6/17/2026,analysis,
syn_analysis_055,synthetic,mixed,generated,"The Chain-of-Thought prompting paper (Wei et al., 2022) showed that adding 'Let's think step by step' to prompts improved GPT-3's GSM8K accuracy from 17.9% to 48.7% with no fine-tuning. This zero-shot CoT result was surprising — the capability existed but required the right elicitation.",0,0,,6/17/2026,analysis,
syn_analysis_023,synthetic,mixed,generated,Llama 3 70B was trained on 15T tokens according to Meta's release notes — roughly 7x more than Llama 2 70B's 2T. This alone explains much of the quality jump: the Chinchilla scaling laws predict substantial gains from this level of additional training data at fixed parameter count.,0,0,,6/17/2026,analysis,
syn_analysis_007,synthetic,mixed,generated,"The scaling laws paper (Kaplan et al., 2020) predicted loss as a power law of compute: L(C) ∝ C^-0.057. Chinchilla later showed this held but the optimal allocation between model size and tokens was wrong. The empirical result: you should scale tokens and parameters roughly equally.",0,0,,6/17/2026,analysis,
syn_analysis_008,synthetic,mixed,generated,"Quantization to INT8 reduces memory by 2x vs FP16 with <1% accuracy drop on most benchmarks according to LLM.int8() (Dettmers et al., 2022). INT4 (GPTQ) gives 4x compression with ~2-3% degradation. This is why 4-bit quantized 70B models can run on a single 48GB GPU.",0,0,,6/17/2026,analysis,
syn_hottake_027,synthetic,mixed,generated,Every company claiming 'AI-first' in their pitch deck is lying. They mean 'ChatGPT wrapper that we'll replace with something cheaper once we have traction.',0,0,,6/17/2026,hot_take,
syn_hottake_070,synthetic,mixed,generated,Stable Diffusion 3 is a regression from 2 in every dimension that matters for actual creative work. The SDXL community should have stayed where they were.,0,0,,6/17/2026,hot_take,
syn_analysis_022,synthetic,mixed,generated,"Constitutional AI (Anthropic, 2022) trains models using AI feedback rather than human feedback for the RL stage. The model critiques and revises its own outputs according to a constitution of principles. On TruthfulQA, CAI models showed improved truthfulness over RLHF baselines.",0,0,,6/17/2026,analysis,
syn_hottake_058,synthetic,mixed,generated,Every 'AI coding assistant' benchmarked on HumanEval is lying to you. HumanEval is 5-year-old LeetCode problems. Run it on your actual codebase and watch it collapse.,0,0,,6/17/2026,hot_take,
syn_question_053,synthetic,mixed,generated,Is it possible to use an LLM to automatically evaluate other LLM outputs at scale? What are the known failure modes of LLM-as-judge approaches?,0,0,,6/17/2026,question,
syn_question_068,synthetic,mixed,generated,What's the most reliable way to get structured JSON output from an LLM? I've tried prompting but it still sometimes returns malformed JSON.,0,0,,6/17/2026,question,
syn_hottake_092,synthetic,mixed,generated,Most 'AI research' at big tech companies is just engineering with statistics. The actual research happening at DeepMind and a few academic labs is a different world.,0,0,,6/17/2026,hot_take,
syn_analysis_026,synthetic,mixed,generated,The LongBench benchmark tests models on 6 long-context task types. Claude 2 (100k context) scores 44.1 overall vs GPT-4 (32k) at 43.2 — surprisingly close given the context gap. This suggests current LLMs don't effectively use all available context even when it's technically accessible.,0,0,,6/17/2026,analysis,
syn_question_013,synthetic,mixed,generated,Is there a good open source alternative to LangChain for production use? I find it useful for prototyping but the abstractions are causing problems in production.,0,0,,6/17/2026,question,
syn_analysis_035,synthetic,mixed,generated,"The Pile-of-Law dataset (Henderson et al., 2022) is 256GB of legal text used to pre-train legal LLMs. Fine-tuned models on this corpus outperform GPT-4 on bar exam questions by ~8 points according to several law school benchmark papers — domain-specific pretraining still matters even at scale.",0,0,,6/17/2026,analysis,
syn_analysis_057,synthetic,mixed,generated,"The Adam optimizer (Kingma & Ba, 2014) uses first and second moment estimates of gradients. AdamW (Loshchilov & Hutter, 2019) decouples weight decay from the gradient update, which is theoretically correct — standard Adam incorrectly applies weight decay through the adaptive learning rate. Most modern LLM training uses AdamW.",0,0,,6/17/2026,analysis,
syn_analysis_062,synthetic,mixed,generated,"Token efficiency varies dramatically across tokenizers. GPT-4's cl100k tokenizer encodes 'Python' as 1 token vs 2 for older tokenizers. On code tasks, efficient tokenization reduces sequence length by ~20%, directly improving both quality (more code fits in context) and cost.",0,0,,6/17/2026,analysis,
syn_analysis_070,synthetic,mixed,generated,"The Pile (EleutherAI, 2021) includes GitHub code at 7.6% of total tokens. Models trained without code in pretraining show significantly worse logical reasoning on non-code tasks — this is why code-free models like early BERT variants underperform on structured reasoning relative to their parameter count.",0,0,,6/17/2026,analysis,
syn_question_014,synthetic,mixed,generated,"What GPU should I buy for running local LLMs? I'm trying to decide between a 4090, two 3090s, or waiting for whatever comes next.",0,0,,6/17/2026,question,
syn_analysis_006,synthetic,mixed,generated,"According to the HumanEval benchmark, GPT-4 solves 67% of programming problems pass@1. Codex (the original) solved 28.8%. That's a meaningful jump, but Claude 3.5 Sonnet reportedly hits ~73% on the same benchmark, which is why it's become the default for code assistance tasks.",0,0,,6/17/2026,analysis,
syn_analysis_028,synthetic,mixed,generated,"P-tuning v2 (Liu et al., 2022) matches full fine-tuning performance on NLU tasks by prepending trainable continuous prompts to every layer, not just the input. With only 0.1% of parameters trained, it reaches BERT fine-tuning parity on SuperGLUE tasks.",0,0,,6/17/2026,analysis,
syn_hottake_082,synthetic,mixed,generated,The way AI companies talk about 'responsible AI' while burning the equivalent of a small country's electricity bill is peak cognitive dissonance.,0,0,,6/17/2026,hot_take,
